name;province;short_description;url;tagline;latitude;longitude
Banda Aceh;Aceh;Inilah ibu kota provinsi yang berada di ujung barat Nusantara. Sejarah mencatat Banda Aceh sebagai kota transit pelayaran internasional sekaligus pusat pendidikan, perdagangan;http://www.indonesia.travel/sites/site/494;Kota Bersejarah dan Wisata Tsunami Track;5.54655;95.31808
Pulau Weh;Aceh;Diapit oleh terumbu karang yang hidup dan menawan, Pulau Weh belum begitu tersentuh meskipun ukurannya tidak luas dan aksesnya mudah.;http://www.indonesia.travel/sites/site/41;-;5.841941;95.320708
Taman Nasional Gunung Leuser;Aceh;Taman Nasional Gunung Leuser biasa disingkat TNGL adalah salah satu Kawasan Pelestarian Alam di Indonesia seluas 1.094.692 hektar.;http://www.indonesia.travel/sites/site/258;Kemegahan dan Kekayaan Hutan Lebat Sumatera;3.7656;97.4817
Takengon;Aceh;Cobalah Anda datang ke Takengon dan nikmati Danau Laut Tawar. Dengan 4 hari di daerah ini adalah gabungan wisata bersepeda, renungan masa lalu, masa depan,...;http://www.indonesia.travel/sites/site/495;Kota di Atas Awan;4.613243;96.846714
Sabang;Aceh;Sabang adalah kota yang terletak di Pulau Weh dan merupakan pintu gerbang di kawasan ujung barat Indonesia.;http://www.indonesia.travel/sites/site/658;Pesona Keindahan Pulau Paling Barat Indonesia;5.888044;95.316529
Tapaktuan;Aceh;Tapaktuan adalah ibu kota dari Kabupaten Aceh Selatan, Provinsi Aceh. Kota ini memiliki luas 92,68 kmÂ² dengan jumlah penduduk sekira 22,343 jiwa.;http://www.indonesia.travel/sites/site/713;Kota Naga di Selatan Pulau Sumatera;3.265936;97.17706
Masjid Agung Baiturrahman;Aceh;Dengan dinding putih cerahnya dan kubah megah berwarna hitam, masjid agung berusia 130 tahun ini adalah bangunan yang indah.;http://www.indonesia.travel/sites/site/44;Fenomena Arsitektur Islami;5.51024;95.331
Pantai Iboih;Aceh;Perahu kayu nampak melayang diam di udara itu karena air laut yang sulit digambarkan beningnya membuat perahu seolah terbang.;http://www.indonesia.travel/sites/site/660;Bertambat pada Keindahan dan Petualangan di Pulau Weh;5.902779;95.217221
Pantai Sumur Tiga;Aceh;Pastikan kunjungan Anda saat ke Sabang menyambangi keindahan yang alami dan damai dari Pantai Sumur Tiga.;http://www.indonesia.travel/sites/site/723;Kristal di Pesisir Samudera yang Damai;5.89404;95.3373
Sungai Alas;Aceh;Sungai Alas mengalir langsung ke Samudera Hindia, memiliki arus yang luar biasa menarik perhatian penggemar arung jeram dari seluruh dunia.;http://www.indonesia.travel/sites/site/302;Mencicipi Pengarungan di Lebatnya Taman Nasional Gunung Leuser;3.99;97.34
Museum Tsunami Aceh;Aceh;Berlokasi di Jalan Iskandar Muda, Banda Aceh, museum ini buka setiap hari (kecuali Jumat) pukul 10.00-12.00 dan 15.00-17.00.;http://www.indonesia.travel/sites/site/659;Mengenang dan Meresapi Bencana Sarat Hikmah;5.548248;95.314842
Tugu Nol Kilometer Sabang;Aceh;Slogan terkenal “Dari Sabang sampai Merauke” dipopularkan Presiden Soekarno dari ucapan seorang perwira Belanda bernama Jenderal J.B. van Heutsz;http://www.indonesia.travel/sites/site/725;Simbol Perekat Nusantara di Batas Barat Tanah Air;5.906336;95.216732
Pantai Gapang;Aceh;Pantai Gapang di Kota Sabang, Pulau Weh, adalah salah satu pilihan wisata bahari saat Anda kunjungi saat bertandang ke Provinsi NAD;http://www.indonesia.travel/sites/site/661;Menikmati Wisata Bahari di Teluk Sabang;5.841941;95.320708
Pantai Cemara Indah;Aceh;Akhir pekan di Pantai Cemara Indah selalu ramai, masyarakat dari Kota Singkil dan sekitarnya menyempatkan diri untuk sekadar menikmati panorama di sini.;http://www.indonesia.travel/sites/site/1045;Menikmati Suguhan Panorama Pesisir di Singkil;0.2727;99.1948
Benteng Indra Patra;Aceh;Sebuah benteng peninggalan kerajaan Hindu pertama di Aceh masih dapat Anda lihat hingga saat ini dekat pantai Ujong Batee, Desa Ladong, Kecamatan Masjid Raya, Kabupaten Aceh Besar.;http://www.indonesia.travel/sites/site/666;Jejak Warisan Hindu-Budha di Tanah Rencong;5.410804;95.519739
Kepulauan Banyak;Aceh;Satu atau dua hari berada di Kepulauan Banyak tampaknya begitu singkat. Alam nan indah dipadu dengan ketentraman yang luar biasa adalah daya pikatnya.;http://www.indonesia.travel/sites/site/1042;Wajah Indah Pesisir Selatan Aceh;2.15858;97.27604
Taman Laut Rubiah;Aceh;Pulau Rubiah merupakan pulau cantik di ujung utara Pulau Sumatera. Tepatnya berada kawasan Pulau Weh, sebelah barat Kota Sabang. Pulau seluas 2.600 hektare ini memiliki keindahan bawah laut yang memesona;http://www.indonesia.travel/sites/site/1176;Menikmati Keindahan Bawah Laut Pulau Weh;0;0
Pantai Anoi Itam;Aceh;Hitam manis si Pantai Anoi Itam memiliki kecantikannya tersendiri di sisi timur Kota Sabang. Pantai ini berlokasi di Gampong Anoi Itam, Kecamatan Sukajaya, Kota Sabang, Pulau Weh, Provinsi NAD;http://www.indonesia.travel/sites/site/1195;Si Hitam Manis di Pulau Weh;0;0
Belitung;Bangka Belitung;Di lepas pantai timur Sumatera, diapit oleh Selat Gaspar dan Selat Karimata, berdiri sebuah pulau;http://www.indonesia.travel/sites/site/631;Pulaunya Laskar Pelangi;-2.8517;107.957
Pangkalpinang;Bangka Belitung;Terletak di pantai timur Pulau Bangka, Pangkalpinang adalah kota terbesar di Pulau Bangka sekaligus ibu kota Provinsi Kepulauan Bangka Belitung. Selain perannya sebagai pusat pemerintahan, kegiatan ekonomi, dan perdagangan;http://www.indonesia.travel/sites/site/635;Pintu Masuk ke Dalam Keindahan Bangka;-2.2132;106.135
Pantai Matras dan Parai Tenggiri;Bangka Belitung;Pantai Parai Tenggiri terletak di daerah Matras Sungailiat, sekitar 40 km dari Bandara Depati Amir, Pangkalpinang. Desa Sinar Baru, Kecamatan Sungailiat, Kabupaten Bangka;http://www.indonesia.travel/sites/site/290;-;-2.63;106.58
Pulau Lengkuas;Bangka Belitung;Tersebutlah sebuah pulau yang selain terkemuka keindahannya juga memiliki mercusuar yang berusia ratusan tahun. Adalah Pulau Lengkuas namanya, tempat dimana keindahan hamparan laut biru jernih bertabur batuan granit nan eksotik.;http://www.indonesia.travel/sites/site/901;Menikmati Keindahan Alam dari Mercusuar;-2.707122;106.41489
Muntok;Bangka Belitung;Siapa bilang Bangka Belitung hanya menawarkan wisata pantainya yang cantik nan eksotik? Selain wisata pantai dengan batuan granitnya yang spektakular itu, Anda sebenarnya dapat juga menikmati suguhan wisata sejarah;http://www.indonesia.travel/sites/site/899;Kota Tua Bersejarah di Bangka Barat;-2.009399;105.242729
Pantai Rambak;Bangka Belitung;Dari semua pantai yang ada di Pulau..;http://www.indonesia.travel/sites/site/970;Mengabadikan Sinar Pagi nan Menawan di Sungailiat;-2.258479;106.046677
Desa Gedong;Bangka Belitung;Kesederhanaan adalah jalan terpendek menuju kecantikanya begitu bunyi sebuah filosofi Yunani Kuno.;http://www.indonesia.travel/sites/site/904,;Jejak Arsitektur China Berusia Ratusan Tahun;-2.28781;106.063982
Gunung Menumbing;Bangka Belitung;Gunung Menumbing (355m) adalah gunung yang cukup tinggi di sekitar daerah Mentok (Barat Laut Bangka) berdiri sebagai memorial sejarah bangsa Indonesia. Penginapan yang dibagun di sini oleh Belanda tahun 1932;http://www.indonesia.travel/sites/site/291;-;-1.955187;105.183105
Museum Timah;Bangka Belitung;Wisata sejarah dan edukasi, inilah yang bisa Anda dapatkan saat mengunjungi Museum Timah di Pangkalpinang, Bangka Belitung;http://www.indonesia.travel/sites/site/902;Menelusuri Jejak Timah di Pulau Bangka Belitung;-2.2132;106.135
Pantai Tanjung Kelayang;Bangka Belitung;Imajinasi Anda tentang Bumi Laskar Pelangi pasti selalu mengenai pantai dengan bebatuan granit besar yang berdiri dipermukaan lautnya. Airnya jernih bergradasi biru toscha memperlihatkan terumbukarangnya yang masih sehat.;http://www.indonesia.travel/sites/site/1085;Suguhan Bingkai Alam Belitung nan Memukau;-2.56152;107.70194
Danau Kaolin;Bangka Belitung;Hamparan putih tanah kaolin yang ditambang akan membentuk cekungan-cekungan menganga. Begitu kontras karena air berwarna biru cerah mengisi cekungan layaknya langit sedang bercermin di Bumi;http://www.indonesia.travel/sites/site/1086;Lansekap Cantik untuk Objek Foto yang Apik;-2.78218;107.65381
Museum Kata Andrea Hirata;Bangka Belitung;Selamat datang di Museum Kata! Museum sastra pertama dan satu-satunya di Indonesia. Arahkan tujuan Anda ke Jalan Laskar Pelangi No. 7, Gantung, Belitung Timur, Provinsi Bangka Belitung.;http://www.indonesia.travel/sites/site/1202;Museum Kata Andrea Hirata: Jendela Inspirasi untuk Bermimpi;0;0
Pantai Tanjung Binga;Bangka Belitung;Pantai Tanjung Binga perlu masuk dalam tujuan persinggahan Anda saat berwisata ke Provinsi Bangka Belitung. Letaknya di Kecamatan Sijuk sekira 20 kilometer arah utara dari Kota Tanjung Pandan ;http://www.indonesia.travel/sites/site/1204;Menikmati Desa Nelayan Bugis di Belitung;0;0
Benteng Marlborough;Bengkulu;Benteng Marlborough (Fort Marlborough) bukan hanya merupakan benteng pertahanan daerah kekuasaan Inggris di kawasan pantai barat Sumatera tapi juga tempat untuk mempertahankan Bengkulu;http://www.indonesia.travel/sites/site/304;-;-3.8;-3.8,102.26
Danau Mas Harun Bastari;Bengkulu;Tak henti-hentinya mobil menelusuri medan berkelok di sepanjang jalur lintas Curup-Lubuk Linggau. Jalur ini dilalui saat Anda memilih transportasi darat dari Lubuk Linggau menuju Kota Bengkulu.;http://www.indonesia.travel/sites/site/1028;Bersantai Menikmati Panorama Indah di Rejang Lebong;-3.36866;102.47498
Pantai Panjang;Bengkulu;Keistimewaan pantai ini adalah memiliki garis pantai yang sangat panjang mencapai 7 km. Di sini Anda akan mendapatkan garis pasang dan garis surut pantai sekitar 500 meter.;http://www.indonesia.travel/sites/site/688;Keunikan Garis Pantai yang Panjang;-3.79657;102.25183
Rumah Pengasingan Bung Karno di Bengkulu;Bengkulu;Di bangku sekolah Anda pastinya mengetahui tentang pengasingan Ir. Soekarno di Bengkulu pada 1938-1942.;http://www.indonesia.travel/sites/site/687;Kenangan dari Bapak Pendiri Bangsa;-3.799852;102.261131
Kota Bengkulu;Bengkulu;Bengkulu, ibu kota dan sekaligus kota terbesar di Provinsi Bengkulu, tidak hanya pusat pemerintahan provinsi tetapi juga kota penting dalam sejarah Indonesia;http://www.indonesia.travel/sites/site/912;Jejak Inggris di Sumatera;-3.795337;102.259228
Pantai Tapak Paderi;Bengkulu;Provinsi Bengkulu yang berbatasan langsung dengan Samudera Indonesia memiliki garis pantai yang panjang dan menawan. Jika Anda berkunjung ke Bengkulu maka wajib mengunjungi salah satu tujuan wisata favorit masyarakat Bengkulu.;http://www.indonesia.travel/sites/site/694;Menikmati Keindahan Pantai di Kota Bengkulu;-3.785247;102.251316
Pulau Tikus;Bengkulu;Pulau Tikus adalah salah satu destinasi wisata bahari andalan di Bengkulu yang lokasinya terletak di sebelah barat ibu kota Bengkulu.;http://www.indonesia.travel/sites/site/975;Kecantikan Pulau Kecil Pemecah Gelombang;-4.004;101.039658
Danau Dendam Tak Sudah;Bengkulu;Mendengar nama danau ini kemungkinan besar akan menggelitik rasa ingin tahu Anda. Danau Dendam Tak Sudah begitu masyarakat Bengkulu mengenalnya.;http://www.indonesia.travel/sites/site/909;Menemukan Kedamian yang Tidak Berakhir di Bengkulu;-3.464181;102.531234
Kota Curup;Bengkulu;Suhu sedingin 18 derajat celcius menyambut pagi di Kota Curup, ibukota Kabupaten Rejang Lebong, Provinsi Bengkulu. Ladang-ladang masih diselimuti kabut sehingga buah dan sayur yang ditanam berpetak-petak terlihat samar;http://www.indonesia.travel/sites/site/1026;Menikmati Keindahan Lembah Dataran Tinggi Sumatera;-2.76638;101.80206
Bukit Kaba;Bengkulu;Hamparan hijau di kaki Bukit Kaba benar-benar memanjakan mata, warna-warni buah dan sayur mayur yang tumbuh di sana membuat lansekap alam kian memikat;http://www.indonesia.travel/sites/site/1027;Mengakrabkan Diri dengan Alam Rejang Lebong;-3.41253;102.58484
Suban Air Panas;Bengkulu;Mata air dari Bukit Kaba mengalir ke kolam pemandian melalui saluran air yang dilengkapi sistem pengaturan suhu. Airnya yang jernih dan terasa hangat menebarkan rayuan agar orangdatang menghampiri untuk berendam;http://www.indonesia.travel/sites/site/1034;Menikmati Alam Sembari Berendam;-3.01874;102.24701
Museum Negeri Bengkulu;Bengkulu;"Meluhurkan museum, memuliakan kebudayaan"".<br />Kebudayaan dan museum adalah dua hal tak terpisahkan. Di dalam museum, tersimpan jejak-jejak kebudayaan dari masa ke masa, dalam bentuk benda budaya";http://www.indonesia.travel/sites/site/967;Menelusuri Kekayaan Benda Budaya;-3.538093;102.352524
Sungai Air Berau;Bengkulu;Sungai Air Berau yang berada di bantaran Jalan Lintas Barat (Jalinbar) Bengkulu memiliki kejernihan air dan pesona alamnya yang indah. Sungai ini berjarak sekira 30 kilometer dari  Mukomuko;http://www.indonesia.travel/sites/site/1201;Sensasi Arung Jeram di Belantara Hutan Bengkulu;0;0
Gunung Kerinci;Jambi;Gunung Kerinci merupakan gunung api tertinggi di Indonesia yang dikelilingi hutan Taman Nasional Kerinci Seblat dan juga merupakan bagian dari pegunungan Bukit Barisan;http://www.indonesia.travel/sites/site/371;Ayo Mendaki ke Atap-nya Pulau Sumatera;-1.84813;101.376
Danau Kaco;Jambi;Sebongkah intan berlian terbenam di dalam danau membiaskan warna biru pekat layaknya panorama samudera. Danau semakin cantik tatkala aura seorang putri memantul di sana;http://www.indonesia.travel/sites/site/984;Air Sebening Kaca, Berkilau saat Gelap Gulita;102.4380581;-1.4851831
Danau Kerinci;Jambi;Pemandangan di sekitar danau ini begitu menawan. Mata Anda tak akan bosan melihat hamparan air yang jernih dilatarbelakangi barisan pegunungan yang anggun;http://www.indonesia.travel/sites/site/504;-;-8.39178;119.349
Candi Muarojambi;Jambi;Situs Kepurbakalaan Muarojambi merupakan tempat peninggalan purbakala terluas di Indonesia, membentang dari Barat ke Timur sejauh 7,5 km di Tepian Sungai Batang Hari;http://www.indonesia.travel/sites/site/64;Meresapi Komplek Percandian Terluas di Pulau Sumatera;-1.69;102.88
Jambi;Jambi;Berdiam di pantai timur Pulau Sumatera, Jambi adalah sebuah kota yang namanya sama dengan nama provinsinya;http://www.indonesia.travel/sites/site/928;Pintu Gerbang Menikmati Pesona Provinsi Jambi;-1.34021;102.485046
Danau Gunung Tujuh;Jambi;Danau Gunung Tujuh adalah danau yang indah dan unik di Indonesia. Danau ini berada di puncak Gunung Tujuh dan menjadi salah satu danau kaldera tertinggi di Asia Tenggara;http://www.indonesia.travel/sites/site/724;Danau Para Dewa yang Menyimpan Pesona Sekaligus Misteri;-1.701944;101.41674
Perkebunan Teh Kayu Aro;Jambi;Teh, adalah salah satu jenis minuman paling digemari hampir sebagian besar penduduk dunia;http://www.indonesia.travel/sites/site/951;Menikmati Keindahan Alam dan Secangkir Teh Nikmat dari Perkebunan Teh Tertua di Indonesia;-2.056405;101.388302
Taman Nasional Bukit Duabelas Jambi;Jambi;Pulau Sumatera merupakan surga hutan rimba di Indonesia selain Kalimantan. Bahkan, hutan-hutan di Sumatera ini merupakan salah satu cagar biosfer penting di dunia.;http://www.indonesia.travel/sites/site/930;Berinteraksi dengan Suku Anak Dalam;-1.900286;102.715874
Air Terjun Telun Berasap, Keindahan Terselip di Lebatnya Taman Nasional Kerinci Seblat;Jambi;Selesai menjejakkan kaki di Gunung Kerinci atau selepas menikmati cita rasa Teh Kayu Aro ditemani panorama perkebunan maka berikutnya Anda dapat menjemput keindahan lain di Kabupaten Kerinci;http://www.indonesia.travel/sites/site/977;-;-1.694566;101.383181
Air Panas Semurup;Jambi;Bumi Kerinci menyimpan kejutan;http://www.indonesia.travel/sites/site/986;Terbaik dari Banyak Sumber Air Panas di Kerinci;101.376;-8.39178
Bukit Kayangan;Jambi;Decak kagum tak henti terlontar ketika menyentuh Kabupaten Kerinci. Perbukitan hijau memagari jalan raya, sawah-sawah nan subur mempercantik semesta;http://www.indonesia.travel/sites/site/988;Menggapai Keindahan Kerinci dari Langit;-0.93337;100.64987
Kota Sungai Penuh;Jambi;Mobil travel berkendara sejauh kurang lebih 420 kilometer dari pusat Kota Jambi. Mulai dari jalanan mulus hingga jalanan berbatu telah dilewati selama 10 jam. Lampu-lampu berkilauan dari kejauhan;http://www.indonesia.travel/sites/site/1031;Kota Berselimut Hutan Lebat;-2.17134;101.31592
Menara Gentala Arasy;Jambi;Riak-riak Sungai Batanghari membawa perahu kecil bergerak ke tepian Kota Jambi, mengantarkan penumpang ke dermaga yang terletak di kaki menara tertinggi;http://www.indonesia.travel/sites/site/1157;Tahta Indah di Bantaran Sungai Batanghari;-1.58542;103.61468
Pulau Bintan;Kepulauan Riau;Bintan adalah pulau terbesar di Kepulauan Riau yang melebar dari Malaka ke Laut China Selatan dan memiliki sekiraÂ  3.000 pulau besar dan kecil;http://www.indonesia.travel/sites/site/63;Keindahan Pulau Tropis di Mulut Selat Malaka;1.05;104.32
Batam;Kepulauan Riau;Ketika Anda melihat dari menara tinggi di Singapura ke seberangnya di negara kita akan tampak Pulau Batam dan Bintan yang berkilau ;http://www.indonesia.travel/sites/site/486;Kota Menawan di Seberang Singapura;1.045633;104.030453
Pulau Galang;Kepulauan Riau;Good bye, Galang Camp. Begitulah kalimat yang tertera pada sebuah lukisan di beranda Museum Sejarah Kemanusiaan.;http://www.indonesia.travel/sites/site/79;Menapaki Sejarah Pulau Pengungsi Vietnam;1.05;104.01
Anambas;Kepulauan Riau;Inilah surga bahari berupa gugusan kepulauan tropis terbaik di Asia. Anambas merupakan sebuah kabupaten berwujud kepulauan tropis seluas 46.667 km2;http://www.indonesia.travel/sites/site/1077;Kepulauan Tropis Terbaik di Asia;3.10616;105.65341
Pantai Trikora;Kepulauan Riau;Pantai pasir putih membentang panjang dihiasi batu-batu besar yang tersebar di pinggiran lautnya. Garis pantainya mencapai 25 kilometer, bersanding di tengah semilir angin yang meniup ribuan pohon kelapa.;http://www.indonesia.travel/sites/site/1082;Menggapai Keindahan Pesisir Pulau Bintan;1.02878;104.65569
Coastarina;Kepulauan Riau;Coastarina terletak di Pasir Putih, Batam Center, Batam, Kepulauan Riau. Tempat ini adalah tujuan wisata baru yang diresmikan oleh Presiden Susilo Bambang Yudhoyono;http://www.indonesia.travel/sites/site/173;-;1.04;104.03
Pulau Abang Kecil;Kepulauan Riau;Berkunjung ke Pulau Abang tidak lengkap jika Anda tidak menyebrang ke Pulau Abang Kecil yang merupakan salah satu dari gugusan Kepulauan Abang.;http://www.indonesia.travel/sites/site/738;Selaksa Keindahan di Kepulauan Riau;0.593938;104.199829
Pantai Melur;Kepulauan Riau;Indonesia memang kaya akan panorama pantainya, salah satunya yang patut Anda kunjungi adalah Pantai Melur yang terletak di sisi barat Pulau Galang;http://www.indonesia.travel/sites/site/149;Pantai Jernih Manusia Perahu;0.77;104.25
Kepulauan Karimun;Kepulauan Riau;Terletak di sebelah barat Singapura dan Batam, Kepulauan Karimun berada di jalur pelayaran yang sibuk yaitu Selat Malaka.;http://www.indonesia.travel/sites/site/887;Kecantikan Bahari di Selat Malaka;1.051882;103.370247
Bintan Mangrove;Kepulauan Riau;Tidak jauh dari kawasan wisata Bintan Resort yang begitu luas, terdapat hutan bakau yang dibelah oleh sungai berkelok-kelok.;http://www.indonesia.travel/sites/site/1073;Menyusuri Sungai Sebong dan Mengamati Kunang-Kunang;1.13643;104.3364
Pantai Pelawan;Kepulauan Riau;Pantai ini terletak di Pangke, Meral, Tanjung Balai Karimun, Provinsi Kepulauan Riau, pantai Pelawan adalah tempat yang tepat bagi Anda untuk menemukan inspirasi dan kedamaian;http://www.indonesia.travel/sites/site/127;-;0.91;103.44
Ria Bintan Golf;Kepulauan Riau;Resor Ria Bintan merupakan resor sekaligus lapangan golf di Bintan yang berada di antara pantai berpasir putih dan air jernih biru kehijauan.;http://www.indonesia.travel/sites/site/265;Ayo Bermain Golf di Pulau Tropis nan Indah;1.10085;104.439
Area Super Blok Nagoya;Kepulauan Riau;Jika Anda suka berbelanja, Anda harus mengunjungi kompleks perbelanjaan di Super Blok Nagoya di Batam, di provinsi Kepulauan Riau.;http://www.indonesia.travel/sites/site/207;-;1.04;104.03
Tanjung Pinang;Kepulauan Riau;Di ujung selatan Pulau Bintan terbentang kawasan dataran rendah yang dihiasi rawa dan hutan bakau. Hampir tidak terdapat perbukitan sehingga pemukiman penduduk terpusat di sini.;http://www.indonesia.travel/sites/site/1083;Gerbang Keindahan Bintan dan Jejak Sejarah Kesultanan Johor-Riau;0.91754;104.44696
Nirwana Gardens;Kepulauan Riau;Nirwana Gardens merupakan resor sekaligus kawasan wisata terpadu dengan luas lebih dari 300 hektare yang berlokasi di Pulau Bintan.;http://www.indonesia.travel/sites/site/1080;Rekreasi Memuaskan di Pantai Legoi Bintan;1.1786;104.32027
Bintan Lagoon Resort;Kepulauan Riau;Selain Nirwana Garden, kawasan resor terpadu di Pulau Bintan adalah Bintan Lagoon Resort.;http://www.indonesia.travel/sites/site/1084;Berlibur Bersama Keluarga di Pulau Bintan;1.17731;104.36422
Fasilitas Rapat dan Konvensi di Batam;Kepulauan Riau;Pulau Batam merupakan bagian dari Kepulauan Riau yang terletak di pantai timur Sumatera.;http://www.indonesia.travel/sites/site/589;-;1.10859;104.032
Pulau Nikoi;Kepulauan Riau;Pulau Bintan terus memukau wisatawan melalui bentangan alamnya. Anda akan terpesona sejak melihat cantiknya Pantai Trikora yang memancarkan warna biru jernih di bawah teriknya Matahari.;http://www.indonesia.travel/sites/site/1141;Surga Pulau Tropis di Laut China Selatan;1.05192;104.70902
Planet Holiday Hotel Batam;Kepulauan Riau;Galaxy Grand Ballroom tanpa pilar dengan luas 1.222 meter persegi menyediakan tempat konvensi dan fasilitas perjamuan.;http://www.indonesia.travel/sites/site/271;-;0.9952;104.037
Makam Raja Ali Haji;Kepulauan Riau;Bapak Bahasa Melayu Indonesia. Begitulah sapaan untuk Raja Ali Haji, pria kelahiran tahun 1808 dari Selangor itu telah berkontribusi besar melahirkan pedoman tata bahasa melayu;http://www.indonesia.travel/sites/site/161;Menyambangi Tempat Peristirahatan Terakhir Bapak Bahasa Indonesia;1.06241;104.041
Angsana Spa;Kepulauan Riau;Di ruangan terbuka yang indah atau ruang perawatan yang nyaman, tubuh dan pikiran Anda akan ditenangkan melalui relaksasi yang diberikan oleh terapis profesional yang terampil.;http://www.indonesia.travel/sites/site/360;-;1.05;104.32
Banyan Tree Spa;Kepulauan Riau;Bayan Tree Spa terletak di dalam sebuah teluk terpencil di sudut utara Pulau Bintan, Banyan Tree Spa terletak di penginapan terpencil Banyan Tree Bintan.;http://www.indonesia.travel/sites/site/356;-;1.05;104.32
Bay Golf & Country Club;Kepulauan Riau;Pulau Batam hanya berjarak 20 km atau 30 menit dengan kapal feri ber-AC dari Singapura. Tering Bay Resort terletak di atas lahan yang dikelilingi air di Tering Bay;http://www.indonesia.travel/sites/site/362;-;1.05;104.01
Pulau Abang;Kepulauan Riau;Penggemar diving wajib mengunjungi Pulau Abang karena di sinilah tersimpan taman laut dengan kekayaan terumbu karang ditemani beragam biota laut penuh warna.;http://www.indonesia.travel/sites/site/707;Melihat Terumbu Karang Langka di Air yang Jernih;0.578513;104.198903
Pulau Penyengat;Kepulauan Riau;Pulau Penyengat adalah pulau kecil berjarak sekira 2 km di seberang Tanjung Pinang, ibu kota Provinsi Kepulauan Riau.;http://www.indonesia.travel/sites/site/921;Jelajahi Ragam Jejak Kesultanan Johor-Riau;0.929656;104.418458
Masjid Sultan Riau;Kepulauan Riau;Masjid ini berlokasi di Pulau Penyengat, Tanjung Pinang, Provinsi Kepulauan Riau (KEPRI). Pulau Penyengat sendiri merupakan pulau kecil seluas 3,5 kilometer persegi;http://www.indonesia.travel/sites/site/896;Masjid Pertama di Indonesia yang Memakai Kubah;3.945883;108.142868
Treasure Bay;Kepulauan Riau;Inilah tujuan wisata terbaru yang menarik untuk disambangi dilengkapi berbagai atraksi dan akomodasi berkelas terus bermunculan di Pulau Bintan.;http://www.indonesia.travel/sites/site/1178;Tempat Rekreasi Sempurna di Selat Malaka;0;0
Bandar Lampung;Lampung;Bertengger di perbukitan yang menghadap ke Teluk Lampung, Bandar Lampung adalah ibu kota provinsi Lampung sekaligus kota terbesar di provinsi paling selatan Pulau Sumatera.;http://www.indonesia.travel/sites/site/607;Pintu Gerbang Selatan Sumatera;-5.44997;105.267
Cagar Alam Kepulauan Krakatau;Lampung;Sejarah mencatat sebuah becana besar tahun 1883 ketika Gunung Krakatau meletus dahsyat dan memengaruhi kondisi iklim dunia.;http://www.indonesia.travel/sites/site/621;Warisan Alam Gunung Purba Krakatau;-6.11284;105.418
Taman Nasional Way Kambas;Lampung;Taman Nasional Way Kambas (TNWK) berlokasi di ujung selatan Pulau Sumatera, 110 km dari Kota Bandar Lampung.;http://www.indonesia.travel/sites/site/611;Tempat Penangkaran dan Taman Bermain Gajah Sumatera;-5.09286;105.663
Teluk Kiluan;Lampung;-;http://www.indonesia.travel/sites/site/892;Menyaksikan Parade Lumba-Lumba di Teluk Tropis yang Indah;-5.746491;105.114326
Pantai Pasir Putih Lampung;Lampung;Pantai Pasir Putih benar-benar menggambarkan suasana yang menggoda dan menyegarkan mata dan jiwa Anda.;http://www.indonesia.travel/sites/site/402;-;-5.52;105.35
Pantai Tanjung Setia;Lampung;Terletak di sepanjang pantai barat Lampung yang terpencil dan di luar hutan lebat Taman Nasional Bukit Barisan Selatan, terdapat sebuah surga memesona yang tersembunyi di sisi laut.;http://www.indonesia.travel/sites/site/629;Surga Berombak Indah di Lampung;-5.30248;103.996
Danau Ranau;Lampung;Danau Ranau adalah danau terbesar kedua di Sumatra. Danau ini terbentuk akibat gempa bumi yang dahsyat dan letusan gunung vulkanik.;http://www.indonesia.travel/sites/site/156;-;-4.85643;103.922
Museum Lampung;Lampung;Inilah satu-satunya museum di Provinsi Lampung sekaligus kebanggaan masyarakat di provinsi paling Selatan Pulau Sumatera tersebut. Letak museum ini cukup strategis sebab tak jauh dari pusat kota Bandar Lampung;http://www.indonesia.travel/sites/site/962;Jejak Masa Lampau;-4.269724;105.390014
Lembah Hijau;Lampung;Sejak dibuka Agustus 2006, taman wisata alam buatan Lembah Hijau sudah menjadi tempat rekreasi favorit di Lampung.;http://www.indonesia.travel/sites/site/893;Taman Wisata Alam di Bandar Lampung;-5.414427;105.231274
Menara Siger;Lampung;Lampung tidak hanya identik dengan gajah atau Way Kambas. Sebagian orang juga mungkin mengkaitkannya Gunung Krakatau yang terkenal itu.;http://www.indonesia.travel/sites/site/672;Ikon Lampung Sekaligus Tempat Wisata Seni dan Budaya;-5.86569;105.7514
Pulau Sebuku;Lampung;Pulau Sebuku berada di Selat Sunda dan merupakan salah satu pulau terbesar di Selat Sunda yang memisahkan antara Pulau Jawa dan Sumatera.;http://www.indonesia.travel/sites/site/960;Menyelami Keindahan Bawah Laut Teluk Lampung;-5.869282;105.506315
Pantai Walur;Lampung;Dapatkan kesenangan rekreasi bersama keluarga di Pantai Walur, Lampung Barat. Di sini Anda dapat menikmati lanskap alam pantai yang menawan. Dengan bermain pasir atau berenang maka sudah cukup memuaskan Anda;http://www.indonesia.travel/sites/site/678;Rekreasi Pantai Bersama Keluarga;-5.191675;103.930395
Rumah Informasi Budaya Lampung Kencana Lepus;Lampung;Terlihat sekilas tampak dari luar, rumah tradisional khas Lampung ini tidaklah istimewa.;http://www.indonesia.travel/sites/site/1017;Rumah Tradisional Lampung di Sukadana;-4.56376;105.78735
Grand Elty Krakatoa Resort;Lampung;Biasa dikenal dengan sebutan Kalianda Resort, Grand Elty Krakatoa Resort adalah salah satu tujuan wisata yang cocok dikunjungi baik bersama keluarga;http://www.indonesia.travel/sites/site/974;Kemewahan Resort Berbalut Keindahan Tropis;-5.45025;105.28748
Candi Muara Takus;Riau;Terletak 122 km dari Pekanbaru, ibu kota Provinsi Riau, kompleks candi Muara Takus (atau Candi Muara Takus) dibangun di dekat sungai Kampar Kanan.;http://www.indonesia.travel/sites/site/415;-;0.97;100.28
Pelalawan;Riau;Beribukota di Pangkalan Kerinsi, Kabupaten Pelalawan merupakan jalur strategis perekonomian Pulau Sumatera;http://www.indonesia.travel/sites/site/895;Pintu Gerbang Menuju Petualangan Tiada Batas;0.376756;101.853424
Istana Siak;Riau;Sebuah kerajaan Melayu Islam terbesar di Riau telah meninggalkan jejak yang cantik di muka bumi. Itulah Istana Siak yang berada di Kabupaten Siak, Riau;http://www.indonesia.travel/sites/site/649;Istana Matahari Timur yang Menawan;0.795397;102.04871
Sungai Kampar dan Bono;Riau;Sejauh-jauh khayalan, pernahkan Anda membayangkan dapat berselancar (surfing) di;http://www.indonesia.travel/sites/site/894;Dahsyatnya Gelombang Tujuh Hantu di Riau;0.353749;101.89265
Indragiri Hilir;Riau;Indragiri Hilir adalah sebuah kabupaten di selatan Provinsi Riau dengan ibu kotanya Tembilahan;http://www.indonesia.travel/sites/site/721;Berwisata di Negeri Seribu Jembatan;-0.145668;102.989613
Hutan Suaka Marga Satwa Kerumutan;Riau;Suaka margasatwa ini terhampar di kawasan seluas total 1.332.169 ha dan dihuni berbagai jenis flora dan fauna khas hutan dataran rendah.;http://www.indonesia.travel/sites/site/898;Berpetualang di Salah Satu Paru-Paru Bumi;0.37791;101.853554
Pekanbaru;Riau;Kota multietnik ini merupakan wilayah pelabuhan di tepi Sungai Siak dan dikenali sebagai 'ibu kota-nya minyak bumi Indonesia. Akan tetapi, kini perekonomiannya justru lebih mengeliat dari beragam sektor bisnis;http://www.indonesia.travel/sites/site/722;-;0.533516;101.450057
Siak;Riau;Siak adalah sebuah kabupaten di Provinsi Riau yang dulunya merupakan pusat kesultanan Islam terbesar di Riau yaitu Siak Sri Indrapura.;http://www.indonesia.travel/sites/site/720;Mengunjungi Negeri Istana Warisan Kesultanan Siak Sri Indrapura;0.822147;102.032754
Taman Nasional Zambrud;Riau;Berlokasi di Desa Zambrud, Kecamatan Siak Indrapura, Kabupaten Siak, Provinsi Riau, kawasan Taman Nasional Zambrud menyuguhkan keindahan yang seakan representasi keelokan batu zamrud yang banyak digemari itu.;http://www.indonesia.travel/sites/site/719;Keindahan Danau Air Hitam dan Kemegahan Hutan Rawa di Siak;0.783433;102.069683
Taman Nasional Tesso Nilo;Riau;Berada di Provinsi Riau, Tesso Nilo merupakan hutan hujan dataran rendah terluas di Pulau Sumatera. Dengan luas area mencapai 83.068 hektar, kawasannya membentang sepanjang 4 kabupaten;http://www.indonesia.travel/sites/site/929;Paru-Paru Bumi di Sumatera;-0.075595;101.623126
Bagansiapiapi;Riau;Kota ini terbilang istimewa ibarat Taiwan di Pulau Sumatera.;http://www.indonesia.travel/sites/site/1159;Pecinan Bumi Melayu Lancang Kuning;2.159042;100.816329
Padang;Sumatera Barat;Padang merupakan ibu kota Sumatera Barat dan merupakan pintu gerbang ke dataran tinggi Minang.;http://www.indonesia.travel/sites/site/467;-;-0.926519;100.352
Danau Singkarak;Sumatera Barat;Sebuah gambar lukis panorama alam dari tahun 1905 menampilkan keindahan Danau Singkarak.;http://www.indonesia.travel/sites/site/466;-;-0.604717;100.54
Bukittinggi;Sumatera Barat;Bukittinggi adalah nama sebuah kota yang terletak di bagian utara Provinsi Sumatera Barat.;http://www.indonesia.travel/sites/site/463;Kota Sejuk dengan Panorama Alam Memukau;-0.257732;100.383
Kepulauan Mentawai;Sumatera Barat;Kepulauan Mentawai adalah bagian dari Provinsi Sumatera Barat dimana sejak tahun 1999 ditetapkan menjadi sebuah kabupaten.;http://www.indonesia.travel/sites/site/62;Surganya Peselancar dan Budaya Masyarakat Neolitikum;-1.34955;98.8893
Lembah Harau;Sumatera Barat;Perjalanan 1,5 jam dari Bukittinggi ke arah barat tidak akan sia-sia karena Anda akan disuguhkan suasana alam pegunungan dihiasi jejeran air terjun indah setinggi ± 100 meter.;http://www.indonesia.travel/sites/site/618;Lembah Indah dan Surga Pecinta Panjat Tebing;-0.102791;100.696
Sawahlunto;Sumatera Barat;Apa yang Anda bayangkan saat berada di Sumatera Barat, suasana alam hijau nan asri, budaya Minang yang menakjubkan;http://www.indonesia.travel/sites/site/628;Kota Tua Bernuansa Pertambangan;-0.666271;100.784
Taman Nasional Kerinci Seblat;Sumatera Barat;Taman Nasional Kerinci Seblat (TNKS) adalah area konservasi alam. Taman seluas 1.368.000 Ha (hasil tata batas) ini terletak di empat provinsi, yaitu: Sumatera Barat, Jambi, Bengkulu,;http://www.indonesia.travel/sites/site/175;-;-2.14;101.49
Ngarai Sianok;Sumatera Barat;Ngarai Sianok memiliki dua dinding yang hampir vertikal dan saling berhadapan. Tingginya sekitar 100 sampai 200 meter dan panjangnya sekitar 15 km.;http://www.indonesia.travel/sites/site/163;-;-0.30797;100.366
Pantai Air Manis;Sumatera Barat;Pantai Air Manis berkaitan erat dengan legenda Malin Kundang di Sumatera Barat;http://www.indonesia.travel/sites/site/183;Melihat Legenda Batu Malin Kundang;-0.99;100.36
Desa Madobak, Ugai dan Matotonan;Sumatera Barat;Desa Madobak, Ugai dan Matotonan sebenarnya tidak didesain untuk destinasi wisata, tapi budaya tradisional dan hidup mereka sangat lestari dan unik;http://www.indonesia.travel/sites/site/170;-;-1.59602;99.0541
Danau Maninjau;Sumatera Barat;Danau Maninjau yang indah di Sumatra Barat adalah salah satu yang terhening di Indonesia.;http://www.indonesia.travel/sites/site/464;Bentang Alam yang Menyegarkan;-0.319434;100.195
Jam Gadang;Sumatera Barat;Jam Gadang merupakan ikon Bukittinggi. Dalam bahasa Indonesia, Jam Gadang berarti jam besar dan memang besar!;http://www.indonesia.travel/sites/site/253;-;-0.26;100.38
Pulau Sipora;Sumatera Barat;Pulau Sipora merupakan pulau terkecil namun yang paling strategis dan memadai di kawasan Kepulauan Mentawai, Sumatera Barat.;http://www.indonesia.travel/sites/site/875;Menantang Empat Ombak Kelas Dunia di Mentawai;-2.222457;99.678555
Pulau Siberut;Sumatera Barat;Pulau Siberut adalah pulau terbesar di Kepulauan Mentawai dan berada di lepas pantai Sumatera Barat yang dipisahkan oleh Selat Mentawai.;http://www.indonesia.travel/sites/site/873;Menyambangi Kehidupan Suku Mentawai dan Jelajah Taman Nasional Siberut;-1.4116;98.925476
Danau Kembar;Sumatera Barat;Kabupaten Solok merupakan wilayah yang memiliki danau-danau indah. Daerah hijau dan subur ini berada pada ketinggian 400-1.700 mdpl dan memiliki empat buah danau;http://www.indonesia.travel/sites/site/469;Keindahan Alam Berselimut Nuansa Mistis;-0.97214;100.68
Bunker Jepang;Sumatera Barat;Bunker Jepang yang terletak di kota Bukittinggi dibangun oleh orang Indonesia melalui kerja paksa dibawah tekanan tentara Jepang yang menduduki Indonesia;http://www.indonesia.travel/sites/site/155;-;-0.26;100.38
Gunung Talang;Sumatera Barat;Gunung Talang berada 2.572 meter di atas permukaan laut dan memiliki pemandangan yang menenangkan.;http://www.indonesia.travel/sites/site/60;-;-0.97739;100.674
Pulau Bungus;Sumatera Barat;Pulau Bungus dilindungi oleh sebuah teluk. Ada dua pantai yang menarik di sini: Carolina dan Karang Tinta.;http://www.indonesia.travel/sites/site/54;-;-0.94;100.37
Batu Basurek;Sumatera Barat;Batu Basurek adalah batu prasasti yang bertuliskan naskah Palava kuno India, menceritakan legenda Adityawarman pada tahun 1347;http://www.indonesia.travel/sites/site/59;-;-0.45936;100.436
Batang Palupuh;Sumatera Barat;Batang Palupuh adalah sebuah tempat perlindungan bunga-bunga raksasa Rafflesia Arnoldi, yang hanya mekar setahun sekali pada bulan November.;http://www.indonesia.travel/sites/site/56;-;-0.31;100.28
Taman Raya Bung Hatta;Sumatera Barat;Bagi penggemar tumbuh-tumbuhan, Taman Raya Bung Hatta adalah keindahan yang alami, penuh dengan tanaman langka dan bunga-bunga eksotis.;http://www.indonesia.travel/sites/site/58;-;-0.77085;100.48
Anai Golf and Mountain Resort;Sumatera Barat;Anai Golf dan Mountain Resort terletak di lingkungan hijau dan alam yang indah.;http://www.indonesia.travel/sites/site/465;-;-0.257732;100.383
Anai Resort and Golf Course;Sumatera Barat;Anai Resor ini terletak di alam yang indah dan berada 550 meter di atas permukaan laut.;http://www.indonesia.travel/sites/site/55;-;-0.94;100.37
Payakumbuh;Sumatera Barat;Saat Anda berada di Padang, sempatkanlah berkunjung ke Payakumbuh. Anda hanya perlu berkendara selama sekitar 2,5 jam atau sejauh 125 km untuk mencicipi keindahan alamnya yang menyegarkan mata;http://www.indonesia.travel/sites/site/625;Keindahan Alam berbalut Nikmatnya Batiah;-0.223846;100.632
Padang Panjang;Sumatera Barat;Padang Panjang adalah sebuah kota kecil di Provinsi Sumatera Barat yang berada di ketinggian lebih dari 700 mdpl sehingga menjadikannya memiliki suhu udara yang sejuk.;http://www.indonesia.travel/sites/site/626;Kota Sejuk Bernafaskan Islam;-0.441509;100.417
Pasumpahan;Sumatera Barat;Sebuah pulau tidak berpenghuni dengan luas yang tidak seberapa siap menyuguhkan bingkisan pulau tropis nan indah di Sumatera Barat.;http://www.indonesia.travel/sites/site/1033;Menemukan Pulau Tropis nan Indah Dekat Kota Padang;-1.13564;100.37109
Museum Goedang Ransoem;Sumatera Barat;WH de Greeve, seorang ahli geologi Belanda sekaligus Sang Penemu batubara di Sawahlunto tahun 1868 memperkirakan ada lebih dari 200 juta ton kandungan mutiara mitam atau batubara;http://www.indonesia.travel/sites/site/710;Warisan Kota Tambang Legendaris Sawahlunto;-0.678736;100.78068
Pulau Nyang Nyang;Sumatera Barat;Pulau Nyang-Nyang adalah satu dari gugusan Kepulauan Mentawai. Keberadaanya telah dikenal hingga ke mancanegara sebagai surganya bagi peselancar. Mereka menyebut-nyebut bahwa ombak di Mentawai sebagai terbaik ketiga di dunia;http://www.indonesia.travel/sites/site/872;Memburu Ratusan Ombak di Mentawai;-1.594185;99.056625
Jembatan Akar Bayang dan Air Terjun Bayang Sani;Sumatera Barat;Jembatan Akar dan Air Terjun Bayang berlokasi di Kecamatan Bayang, Kabupaten Pesisir Selatan. Keduanya tidak berada di satu tempat namun juga tidak terlalu jauh untuk dijangkau.;http://www.indonesia.travel/sites/site/1010;Kealamian nan Memukau di Pesisir Selatan;-1.9175;100.99082
Museum Adityawarman;Sumatera Barat;Museum Adityawarman merupakan museum budaya terpenting di Sumatera Barat yang merangkum kebudayaan Minangkabau. Dengan kelengkapan benda koleksinya maka museum ini layak bila disebut banyak orang sebagai Taman Mini ala Sumatera;http://www.indonesia.travel/sites/site/1004;Ruang Lengkap Kebudayaan Minangkabau;-1.13875;100.41953
Museum Tambang Batu Bara Ombilin;Sumatera Barat;Museum Tambang Batu Bara Ombilin menjadi pelengkap rentetan museum yang dihadirkan Sawahlunto sebagai  kota warisan tambang kolonial yang kini berwawasan wisata sejarah tambang.;http://www.indonesia.travel/sites/site/996;Rangkaian Jejak Tambang di Sawahlunto;-0.59138;101.18633
Kawasan Wisata Mandeh;Sumatera Barat;Gugusan puluhan pulau yang indah membentang seluas 18 hektare di Teluk Carocok, Kabupaten Pesisir Selatan di Sumatera Barat.;http://www.indonesia.travel/sites/site/1181;Surga di Pesisir Selatan Sumatera Barat;0;0
Pulau Cubadak;Sumatera Barat;Keindahan Mandeh di Kabupaten Pesisir Selatan, Sumatera Barat disanjung-sanjung tidak kalah denganRaja Ampat. Gugusan pulau di kawasan ini memiliki keunikannya masing-masingmembalut ketenangan lautnya.;http://www.indonesia.travel/sites/site/1182;Pulau Tersenyap di Dunia di Tengah Samudera Hindia;0;0
Benteng Fort De Kock;Sumatera Barat;Mengunjungi Kota Bukittinggi di Provinsi Sumatera Barat bukan hanya menikmati keelokan alam dan hawanya yang sejuk. Kota pemilik Jam Gadangnya ini juga menyimpan peninggalan sejarah yang bisa Anda kunjungi;http://www.indonesia.travel/sites/site/1196;Jejak Perang Paderi di Sumatera Barat;0;0
Palembang;Sumatera Selatan;alembang adalah salah satu kota besar di Indonesia dan merupakan ibu kota provinsi Sumatera Selatan. Kota terbesar kedua di Sumatera setelah Medan ini  diyakini pernah menjadi pusat Kerajaan Sriwijaya;http://www.indonesia.travel/sites/site/374;Menikmati Wisata Kota di Sungai Musi;-2.99;104.74
Jelajah Sungai Musi;Sumatera Selatan;Jangan sampai Anda melewatkan waktu untuk melakukan tur di Sungai Musi;http://www.indonesia.travel/sites/site/210;Menyusuri Masa Lalu Palembang;-2.99;104.76
Gunung Dempo;Sumatera Selatan;Berdiri 3195 meter di atas permukaan laut, Gunung Dempo adalah gunung tertinggi di Sumatera Selatan.;http://www.indonesia.travel/sites/site/571;Sensasi Pendakian yang Menantang;-3.98715;103.127
Jembatan Ampera;Sumatera Selatan;Jembatan Ampera dibangun pada bulan April 1962, setelah mendapatkan persetujuan dari Presiden Soekarno.;http://www.indonesia.travel/sites/site/227;-;-2.99213;104.764
Pusat Ukiran Kayu di Palembang;Sumatera Selatan;Pusat Ukiran kayu di Palembang terletak di jalan Faqih Jalaluddin, dekat Masjid Agung Palembang.;http://www.indonesia.travel/sites/site/216;-;-2.97718;104.73
Goa Putri;Sumatera Selatan;Goa Putri adalah tujuan wisata terkemuka di Provinsi Sumatera Selatan, terletak 230 kilometer dari Palembang, atau 35 kilometer dari Baturaja;http://www.indonesia.travel/sites/site/179;-;-3.54;103.81
Masjid Agung Palembang;Sumatera Selatan;Masjid Agung Palembang merupakan salah satu warisan Kesultanan Palembang. Masjid ini dikenal sebagai pusat kota Palembang. Dibangun 1738-1748 oleh Sultan Mahmud Badaruddin I;http://www.indonesia.travel/sites/site/226;-;-2.99;104.74
Taman Nasional Sembilang;Sumatera Selatan;Taman Nasional Sembilang merupakan lahan basah luas dengan berbagai ekosistem hutan mulai dari gambut rawa, rawa air tawar, hutan mangrove dan dataran lumpur.;http://www.indonesia.travel/sites/site/199;-;-2.98;104.75
Pulau Kemaro;Sumatera Selatan;Pulau Kemaro berada di delta Sungai Musi. Nama Pulau Kemaro diberikan penduduk setempat karena delta ini selalu kering dan tidak pernah berair;http://www.indonesia.travel/sites/site/178;-;-2.98;104.81
Museum Sultan Mahmud Badaruddin II;Sumatera Selatan;Museum Sultan Mahmud Badaruddin II yang berada di seberang Sungai Musi ini memiliki bentuk asli bangunan tidak berubah;http://www.indonesia.travel/sites/site/162;-;-2.97;104.75
Benteng Kuto Besak;Sumatera Selatan;Benteng Kuto Besak berdiri kokoh di ketinggian 10 meter dimana dari sini Anda dapat menyaksikan kapal-kapal berlalu-lalang di Sungai Musi.;http://www.indonesia.travel/sites/site/552;Keindahan dan Warisan Sejarah di Tepian Sungai Musi;-2.99;104.74
Air Terjun Lematang Indah;Sumatera Selatan;Palembang tidak hanya kaya dengan budaya dan tradisinya tetapi juga memiliki alam yang indah.;http://www.indonesia.travel/sites/site/682;Menikmati Tumpahan Air Menderu dari Ketinggian 40 meter;-4.07677;103.332872
Palembang Golf Club;Sumatera Selatan;Fasilitas: Club House,  Loker, Kamar mandi, Pro-Shop, Restoran, Golf Club untuk disewa, Driving Range, Total hole: 18;http://www.indonesia.travel/sites/site/375;-;-2.99;104.74
Taman Purbakala Kerajaan Sriwijaya;Sumatera Selatan;Taman Purbakala Kerajaan Sriwijaya adalah peninggalan Kerajaan Sriwijaya yang terletak di tepian Sungai Musi. Anda dapat menemukannya di kota Palembang, tepatnya di Karanganyar, Kecamatan Ilir Barat II.;http://www.indonesia.travel/sites/site/671;Situs yang Terlupakan;-3.016056;104.734436
Candi Bumi Ayu;Sumatera Selatan;Menyambangi Sumatera Selatan tidaklah lengkap rasanya apabila belum berkunjung ke Candi Bumi Ayu.;http://www.indonesia.travel/sites/site/673;Menemukan Warisan Hindu di Sumatera Selatan;-3.516307;103.8442
Jakabaring Sport City;Sumatera Selatan;Pengembangan Jakabaring awalnya hanya stadion sepak bola yang menjadi kandang klub sepak bola kebanggaan kota Palembang yaitu Sriwijaya FC.;http://www.indonesia.travel/sites/site/683;Kebanggaan Insan Olah Raga Palembang;-3.020921;104.785355
Pendopo Golf Club;Sumatera Selatan;"Fasilitas: Club House, Loker, Kamar mandi, Driving Range Total hole: 18 Total Par: 71 Jenis lapangan: Anggota Anggota dari: PGI; APLGI Tahun Pendirian: 1972";http://www.indonesia.travel/sites/site/376;-;-2.99;104.74
Perkumpulan Golf Prabumulih;Sumatera Selatan;Lapangan golf yang menantang ini terletak di daerah konservasi alam, menciptakan lingkungan yang indah untuk bermain golf.;http://www.indonesia.travel/sites/site/378;-;-2.99;104.74
Taman Bukit Siguntang;Sumatera Selatan;Di sebuah bukit setinggi sekitar 27 meter di atas permukaan laut Anda akan mendapat penggalan sejarah Kerajaan Nusantara dengan bonus pesona indah Kota Palembang.;http://www.indonesia.travel/sites/site/669;Sepenggal Sejarah Kerajaan Sriwijaya;-2.981543;104.70819
Makam Kawah Tekurep;Sumatera Selatan;Palembang memang memiliki banyak tujuan wisata yang bisa dikunjungi, mulai dari wisata air, budaya, sejarah, museum, alam dan wisata ziarah.;http://www.indonesia.travel/sites/site/681;Ziarah ke Keluarga Kesultanan Palembang Darussalam;-2.971648;104.834976
Danau Toba;Sumatera Utara;Danau Toba merupakan keajaiban alam menakjubkan di Pulau Sumatera. Sulit membayangkan ada tempat yang lebih indah untuk dikunjungi di Sumatera Utara selain danau ini.;http://www.indonesia.travel/sites/site/48;Keajaiban Wisata Alam yang Menakjubkan;2.66;98.94
Medan;Sumatera Utara;Medan, ibu kota Sumatera Utara, merupakan kota pusat ekonomi dan komersial terbesar di Sumatera.;http://www.indonesia.travel/sites/site/475;Kota Modern dan Warisan Kolonial Belanda;3.60135;98.675
Pulau Nias;Sumatera Utara;Berkunjung ke Pulau Nias serasa menelusuri kehidupan masa lalu, waktu seakan berhenti dipagari budaya megalit yang masih lestari.;http://www.indonesia.travel/sites/site/730;Jejak Budaya Mengagumkan Di Samudera Hindia dan Surganya Peselancar Dunia;1.131518;97.525177
Bukit Lawang;Sumatera Utara;Jelajahi hutan Sumatera dan rasakan petualangan outdoor ditemani orangutan selama Anda berada di desa di dalam hutan Bukit Lawang.;http://www.indonesia.travel/sites/site/53;-;3.7877;98.2282
Brastagi: Menikmati Kesejukan dan Buah Segar;Sumatera Utara;Kota yang indah ini terhampar di dataran tinggi Karo, 70 km dari Medan. Terletak di ketinggian 1300 m dpl;http://www.indonesia.travel/sites/site/47;-;3.18567;98.4809
Di Dalam Hutan Lebat Desa Tangkahan;Sumatera Utara;Sering disebut sebagai surga tersembunyi Sumatera, hutan lebat dan topografi Tangkahan yang mengagumkan, membuat desa ini menjadi tempat wisata yang luar biasa.;http://www.indonesia.travel/sites/site/476;-;3.62393;98.05573
Budaya Leluhur di Desa Jangga;Sumatera Utara;Datang dan rasakanÂ  kehidupan suku Batak tradisional di sebuah desa yang sebagian besar wilayahnya belum tersentuh oleh dunia modern. ;http://www.indonesia.travel/sites/site/49;-;2.55915;98.7995
Istana Maimun;Sumatera Utara;Setiap kota biasanya memiliki ikon yang menjadi penanda sekaligus kebanggaan masyarakatnya.;http://www.indonesia.travel/sites/site/676;Salah Satu Istana Termegah dan Terindah di Indonesia;3.57556;98.68443
Candi Bahal (Candi Portibi);Sumatera Utara;Inilah jejak agama Budha di Provinsi Sumatera Utara, berlokasi di Kabupaten Padang Lawas, sekitar 400 km dari Kota Medan.;http://www.indonesia.travel/sites/site/613;Menapaki Jejak Agama Budha Wajrayana di Sumatera;1.40885;99.7256
Teluk Dalam;Sumatera Utara;Pemandangan alam nan indah, tradisi dan sejarah yang layakÂ  ditelusuri ada semua di kota ini.;http://www.indonesia.travel/sites/site/878;Sejarah, Tradisi dan Selancar di Nias Selatan;0.696241;97.833023
Pulau Mursala;Sumatera Utara;Kapal cepat berlayar mengarungi Teluk Tapanuli menuju salah satu pulau di dekatnya.;http://www.indonesia.travel/sites/site/989;Mereguk Keindahan Air Terjun nan Memukau di Tapanuli Tengah;99.7256;1.40885
Kota Sibolga;Sumatera Utara;Kota Sibolga merupakan salah satu kota di Sumatera Utara. Letaknya di pantai barat Pulau Sumatera dan berada di dalam kawasan Teluk Tapian Nauli.;http://www.indonesia.travel/sites/site/993;Negeri Berbilang Kaum dengan Alam yang Cantik;2.04302;98.85938
Desa Tuktuk Siadong;Sumatera Utara;Pastikan kunjungan Anda ke Danau Toba untuk menginap di Desa Wisata Tuktuk Siadong, sebuah tempat indah di sebuah tanjung kecil di Pulau Samosir.;http://www.indonesia.travel/sites/site/735;Menikmati Daya Pukau Danau Toba di Di Tanjung Kecil Pulau Samosir;2.388834;98.736877
Huta Siallagan;Sumatera Utara;Kampung Siallagan terletak di Desa Ambarita, Kecamatan Simanindo, Pulau Samosir. Perkampungan yang mirip benteng ini lokasinya berdekatan dengan Danau Toba;http://www.indonesia.travel/sites/site/741;Menyimak Cerita dari Batu Parsidangan Raja Siallagan;2.591203;98.835411
Pantai Lagundri dan Pantai Sorake;Sumatera Utara;Sejak 1993, pantai ini terkuak kesempurnaanya untuk surfing oleh para penunggang papan selancar dunia. Mereka memacu adrenalin di lautan biru berselimutkan gulungan ombak dan bermandikan Matahari Tropis;http://www.indonesia.travel/sites/site/731;Salah Satu dari 10 Lokasi Surfing Terbaik di Dunia;0.659165;97.833252
Pantai Pandan;Sumatera Utara;Sengatan Matahari menyapa pagi di Pantai Pandan. Sebagian wisatawan berteduh di gazebo, sebagian lagi membiarkan kulit mereka bermandikan cahaya.;http://www.indonesia.travel/sites/site/990;Menyusuri Keindahan Panorama Pesisir Tapanuli Tengah;1.72459;98.78906
Barus;Sumatera Utara;Sejak berabad lamanya dan bahkan hingga saat detik ini, kapur barus dimanfaatkan oleh seluruh dunia sebagai wewangian hingga obat-obatan.;http://www.indonesia.travel/sites/site/991;Pintu Masuk Islam di Indonesia;1.99758;98.42708
Museum Batak Balige;Sumatera Utara;Museum ini berlokasi di Jalan Pagar Batu No. 88 Balige, Toba Samosir, Sumatera Utara, atau tepatnya di Komplek TB Silalahi Center, Desa Soposurung, Balige;http://www.indonesia.travel/sites/site/737;Menyusuri Kebudayaan Batak di TB Silalahi Center;2.335407;99.083118
Kepulauan Banyak;Sumatera Utara;Satu atau dua hari berada di Kepulauan Banyak tampaknya begitu singkat. Alam nan indah dipadu dengan ketentraman yang luar biasa adalah daya pikatnya.;http://www.indonesia.travel/sites/site/1042;Wajah Indah Pesisir Selatan Aceh;2.15858;97.27604
Museum Pusaka Nias;Sumatera Utara;Museum Pusaka Nias merupakan satu-satunya wahana penyimpan kemegahan budaya Nias. Berlokasi di Jalan Yos Sudarso No. 134-A Gunungsitoli, Nias, Sumatera Utara;http://www.indonesia.travel/sites/site/732;Wahana Kemegahan Budaya Nias;1.269847;97.595673
Samosir;Sumatera Utara;Samosir merupakan wilayah unik karena merupakan pulau vulkanik yang bertengger di tengah Danau Toba, Provinsi Sumatera Utara.;http://www.indonesia.travel/sites/site/1194;Pulau Raksasa nan Indah di Tengah Danau Toba;0;0
Desa Tomok;Sumatera Utara;Desa Tomok adalah pintu gerbang wisatawan yang ingin menikmati Pulau Samosir dari Pelabuhan Ajibata, Parapat. Desa ini berlokasi di Kecamatan Simanindo, Kabupaten Samosir, Sumatera Utara;http://www.indonesia.travel/sites/site/1205;Menikmati Budaya Batak dengan Banyak Cerita;0;0
